,Days,predictions
0,Day 1,7004.860121314927
1,Day 2,6990.456394797769
2,Day 3,6965.904793731871
3,Day 4,6934.24709121412
4,Day 5,6899.112372022992
5,Day 6,6862.883584464898
6,Day 7,6826.778917360157
