,Days,predictions
0,Day 1,-33.64507273400524
1,Day 2,-141.1277218958785
2,Day 3,-182.1382738989778
3,Day 4,-176.131701318227
4,Day 5,-139.7277205532373
5,Day 6,-85.96067590155145
6,Day 7,-24.326515410146396
