,Days,predictions
0,Day 1,3640.604957977221
1,Day 2,3657.793073048637
2,Day 3,3683.7464357478502
3,Day 4,3715.3386618687828
4,Day 5,3750.2166530582303
5,Day 6,3786.875301127894
6,Day 7,3824.372841881842
