,Days,predictions
0,Day 1,1643.107264978113
1,Day 2,1637.2999229481838
2,Day 3,1640.2056093749861
3,Day 4,1648.8853163560013
4,Day 5,1660.7039600938351
5,Day 6,1673.811123799903
6,Day 7,1687.0780872712357
