,Days,predictions
0,Day 1,7.606422904133796
1,Day 2,7.5739116072654715
2,Day 3,7.522662976384162
3,Day 4,7.466998967528342
4,Day 5,7.410872367024421
5,Day 6,7.355450922250747
6,Day 7,7.301181805133819
