,Days,predictions
0,Day 1,10.321036368608475
1,Day 2,10.234294041991234
2,Day 3,10.074584275484085
3,Day 4,9.887918666005135
4,Day 5,9.697633683681488
5,Day 6,9.512512758374214
6,Day 7,9.335218116641045
