,Days,predictions
0,Day 1,561.4017236186478
1,Day 2,561.3345344981225
2,Day 3,564.2231667616614
3,Day 4,569.2043601910862
4,Day 5,575.3850927206839
5,Day 6,582.0749428123578
6,Day 7,588.8140182666388
